Point in Time[s],State of Active Resource[]
0.0,0
3664.504,1
3664.504,0
34189.792999999,1
34189.792999999,0
34214.91,1
34214.91,0
37194.912,1
37194.912,0
61725.231,1
61725.231,0
70249.777,1
70249.777,0
76798.834,1
76798.834,0
78698.918,1
78698.918,0
89995.498999999,1
89995.498999999,0
93630.0,0
