Point in Time[s],State of Active Resource[]
0.0,0
34260.0,1
34260.000000001,0
34260.909090909,1
34260.90909091,0
41810.0,1
41810.000000001,0
41810.909110337,1
41810.909110338,0
58040.0,1
58040.000000001,0
58110.0,1
58110.000000001,0
72660.0,1
72660.000000001,0
76320.0,1
76320.000000001,0
79490.0,1
79490.000000001,0
93630.0,0
